{
  "soft": {
    "f1_macro": 0.6265543745730282,
    "f1_weighted": 0.6826269270526313,
    "f1_per_class": {
      "BR1": 0.4955357142857143,
      "BR2": 0.6762886597938145,
      "BR4": 0.5168869309838473,
      "BR5": 0.8175061932287366
    },
    "precision_per_class": {
      "BR1": 0.3894736842105263,
      "BR2": 0.8770053475935828,
      "BR4": 0.44783715012722647,
      "BR5": 0.8208955223880597
    },
    "recall_per_class": {
      "BR1": 0.6809815950920245,
      "BR2": 0.5503355704697986,
      "BR4": 0.6111111111111112,
      "BR5": 0.8141447368421053
    },
    "support_per_class": {
      "BR1": 163,
      "BR2": 596,
      "BR4": 288,
      "BR5": 608
    },
    "confusion_matrix": [
      [
        111,
        39,
        12,
        1
      ],
      [
        166,
        328,
        94,
        8
      ],
      [
        8,
        5,
        176,
        99
      ],
      [
        0,
        2,
        111,
        495
      ]
    ]
  },
  "hard": {
    "f1_macro": 0.6261890280417391,
    "f1_weighted": 0.682123901791097,
    "f1_per_class": {
      "BR1": 0.4955357142857143,
      "BR2": 0.6742502585315409,
      "BR4": 0.5167883211678832,
      "BR5": 0.8181818181818182
    },
    "precision_per_class": {
      "BR1": 0.3894736842105263,
      "BR2": 0.8787061994609164,
      "BR4": 0.44584382871536526,
      "BR5": 0.8222591362126246
    },
    "recall_per_class": {
      "BR1": 0.6809815950920245,
      "BR2": 0.5469798657718121,
      "BR4": 0.6145833333333334,
      "BR5": 0.8141447368421053
    },
    "support_per_class": {
      "BR1": 163,
      "BR2": 596,
      "BR4": 288,
      "BR5": 608
    },
    "confusion_matrix": [
      [
        111,
        39,
        12,
        1
      ],
      [
        166,
        326,
        97,
        7
      ],
      [
        8,
        4,
        177,
        99
      ],
      [
        0,
        2,
        111,
        495
      ]
    ]
  },
  "soft_delta_vs_c6": {
    "f1_macro_delta": -0.04964562542697182,
    "f1_BR1_delta": -0.035464285714285726,
    "f1_BR2_delta": -0.12171134020618557,
    "f1_BR4_delta": -0.0011130690161527124,
    "f1_BR5_delta": -0.03949380677126335
  },
  "stratified_breakdown": {
    "BR1": {
      "n": 163,
      "acc": 0.681,
      "drift_to": {
        "BR1": 0.681,
        "BR2": 0.2393,
        "BR4": 0.0736,
        "BR5": 0.0061
      }
    },
    "BR2": {
      "n": 596,
      "acc": 0.5503,
      "drift_to": {
        "BR1": 0.2785,
        "BR2": 0.5503,
        "BR4": 0.1577,
        "BR5": 0.0134
      }
    },
    "BR4": {
      "n": 288,
      "acc": 0.6111,
      "drift_to": {
        "BR1": 0.0278,
        "BR2": 0.0174,
        "BR4": 0.6111,
        "BR5": 0.3438
      }
    },
    "BR5": {
      "n": 608,
      "acc": 0.8141,
      "drift_to": {
        "BR2": 0.0033,
        "BR4": 0.1826,
        "BR5": 0.8141
      }
    }
  },
  "n_test": 1655,
  "c6_baseline": {
    "f1_macro": 0.6762,
    "f1_per_class": {
      "BR1": 0.531,
      "BR2": 0.798,
      "BR4": 0.518,
      "BR5": 0.857
    },
    "binary_f1": 0.939
  }
}